{"Train/loss":2.1640625,"Train/cosine_sim":0.1761474609375,"_timestamp":1.733540738062548e+09,"Train/lr":2.9999977589096305e-05,"_wandb":{"runtime":74},"_runtime":74.227476747,"_step":927}