{"Train/loss":2.6875,"Train/cosine_sim":0.2060546875,"_timestamp":1.7335408965394645e+09,"_runtime":102.106026272,"_step":537,"Train/lr":0.0001999999450420502,"_wandb":{"runtime":102}}