{"Train/cosine_sim":0.003509521484375,"Train/lr":0.0001999999999992405,"_wandb":{"runtime":5},"_timestamp":1.7335409896985357e+09,"_runtime":4.629922035,"_step":1,"Train/loss":4.21875}